10,apple,comment1,2020-11-11 11:11
10,apple,comment2,2020-11-11 11:11
10,apple,comment3,2020-11-11 11:11
10,apple,comment4,2020-11-11 11:11
10,apple,comment5,2020-11-11 11:11
10,apple,comment5,2020-11-11 11:11
10,apple,comment5,2020-11-11 11:11
10,apple,comment5,2020-11-11 11:11
10,apple,comment5,2020-11-11 11:11
10,apple,comment5,2020-11-11 11:11
10,apple,comment5,2020-11-11 11:11
10,apple,comment5,2020-11-11 11:11
10,apple,comment5,2020-11-11 11:11
10,apple,comment5,2020-11-11 11:11
10,apple,comment5,2020-11-11 11:11
10,apple,comment5,2020-11-11 11:11
10,apple,comment5,2020-11-11 11:11
10,apple,comment5,2020-11-11 11:11
10,apple,comment5,2020-11-11 11:11
10,apple,comment5,2020-11-11 11:11
10,apple,comment5,2020-11-11 11:11
10,apple,comment5,2020-11-11 11:11
10,apple,comment5,2020-11-11 11:11
10,apple,comment5,2020-11-11 11:11
